id,name,start,dist,up,down,end,type,surface,map,deprecated,neighborhoods,coarse_neighborhoods,start_neighborhood,end_neighborhood,transit
bainbridge-coast-to-coast-loop,Bainbridge Coast-to-coast Loop,Bainbridge,13.3,1500,1500.0,Bainbridge,Loop,Mixed,https://onthegomap.com/s/tfok51fh,,non-Seattle,,non-Seattle,non-Seattle,
beacon-mt-sound-i90-trail-judkins-ob,"OB: Beacon, Mt Sound, I90 Trail, Judkins Park",Beacon,4.3,519,519.0,Beacon,OB,Road,https://onthegomap.com/s/8qsq84ct,,North Beacon Hill;Atlantic,Beacon Hill;Central Area,North Beacon Hill,North Beacon Hill,
beacon-i90-trail-cap-hill,"Beacon Hill, I90 Trail, Cap Hill",Beacon,4.8,530,480.0,CapHill,P2P,Road,https://onthegomap.com/s/8jo5uqcm,,International District;North Beacon Hill;First Hill;Atlantic;Broadway;Yesler Terrace,Beacon Hill;Central Area;Downtown;Capitol Hill,North Beacon Hill,Broadway,
beacon-cheasty-lwb-genessee-cc,"Beacon, Cheasty, Genessee Park, Columbia City",Beacon,5.9,360,520.0,ColCity,P2P,Road,https://onthegomap.com/s/udl7ppi4,,North Beacon Hill;Mount Baker;Columbia City;Seward Park,Beacon Hill;Rainier Valley;Seward Park,North Beacon Hill,Columbia City,
beacon-jefferson-park-chief-sealth-new-holly-ob,"OB: Beacon, Jefferson Park, Chief Sealth Trail, New Holly",Beacon,7.7,600,600.0,Beacon,OB,Road,https://onthegomap.com/s/q5s1umj8,,Mid-Beacon Hill;North Beacon Hill;Holly Park,Beacon Hill,North Beacon Hill,North Beacon Hill,
beacon-cheasty-lwb-seward-cc,"Beacon, Cheasty, Seward Park, Columbia City",Beacon,8.7,580,,ColCity,P2P,,https://onthegomap.com/s/3nunbt2c,,North Beacon Hill;Mount Baker;Columbia City;Seward Park,Beacon Hill;Rainier Valley;Seward Park,North Beacon Hill,Columbia City,
beacon-i90-bridge-cap-hill,"Beacon Hill, I90 Bridge, Cap Hill",Beacon,10.1,1190,,CapHill,P2P,,https://onthegomap.com/s/kps8bd3u,,International District;North Beacon Hill;Mount Baker;Atlantic;First Hill;Broadway;Yesler Terrace,Downtown;Capitol Hill;Beacon Hill;Central Area;Rainier Valley,North Beacon Hill,Broadway,
beacon-cheasty-lwb-seward-loop-cc,"Beacon, Cheasty, Seward Park Loop, Columbia City",Beacon,11.1,690,,ColCity,P2P,,https://onthegomap.com/s/eajn1tqk,,North Beacon Hill;Mount Baker;Columbia City;Seward Park,Beacon Hill;Rainier Valley;Seward Park,North Beacon Hill,Columbia City,
beacon-i90-luther-burbank-ob,"OB: Beacon, I90, Luther Burbank",Beacon,13.1,1470,,Beacon,OB,,https://onthegomap.com/s/4kn8h5of,,North Beacon Hill;Atlantic;Mount Baker,Beacon Hill;Central Area;Rainier Valley,North Beacon Hill,North Beacon Hill,
bell-dtwn-parks-lake-larsen-lake-phantom-ob,"OB: Bellevue Downtown, Parks, Lake Larsen, Lake Phantom",BellDtwn,10.8,1090,,BellDtwn,OB,,https://onthegomap.com/s/igk1l3k6,,non-Seattle,,non-Seattle,non-Seattle,
blyth-park-tolt-pipeline-trail-full-ob,"OB: Blyth Park, Tolt Pipeline Trail Full",BlythPark,22.0,3200,3200.0,BlythPark,OB,Gravel,https://onthegomap.com/s/v428vfj8,,non-Seattle,,non-Seattle,non-Seattle,
cap-hill-volunteer-park-westlake,"Cap Hill, Volunteer Park, Westlake",CapHill,4.0,279,,Westlake,P2P,,https://onthegomap.com/s/b9i31iru,,South Lake Union;Denny Triangle;Central Business District;Belltown;Broadway,Cascade;Downtown;Capitol Hill,Broadway,Central Business District,
cap-hill-ship-canal-salmon-bay-burke-cse,"Cap Hill, Ship Canal, Salmon Bay, Burke, CSE",CapHill,9.6,380,,CSE,P2P,,https://onthegomap.com/s/ct0am25g,,South Lake Union;University of Washington;Westlake;West Woodland;North Queen Anne;East Queen Anne;Wallingford;University District;Broadway;Fremont,North Central;Cascade;Capitol Hill;Queen Anne;Ballard;University District,Broadway,University of Washington,
cap-hill-i90-ob,"OB: Cap Hill, I90 Bridge",CapHill,10.7,1220,,CapHill,OB,,https://onthegomap.com/s/6qcstgh2,,International District;Mount Baker;First Hill;Atlantic;Broadway;Yesler Terrace,Central Area;Downtown;Capitol Hill;Rainier Valley,Broadway,Broadway,
cap-hill-i90-trail-beacon,"Cap Hill, I90 Trail, Beacon Hill","CapHill",4.8,490,530,Beacon,P2P,"","https://onthegomap.com/s/6c9e2s9c",""
cap-hill-i90-trail-lwb-arborlaken-loop,"Cap Hill, I90 Trail, LWB, Arborlaken Loop",CapHill,10.8,1270,,CapHill,Loop,,https://onthegomap.com/s/ia4ncds8,,International District;Stevens;Harrison/Denny-Blaine;North Beacon Hill;Madison Park;Mount Baker;Leschi;Madrona;First Hill;Atlantic;Broadway;Montlake;Yesler Terrace,Downtown;Capitol Hill;Beacon Hill;Central Area;Rainier Valley,Broadway,Broadway,
cid-i90-trail-south-bellvue,"CID, I90 Trail, South Bellevue","CID",8.3,880,880,"SoBell","P2P","Road","https://onthegomap.com/s/7qcn3m9s",""
cid-marginal-alki-sodo,"CID, Marginal Way, Alki Beach, SODO",CID,14.0,380,,SODO,P2P,,https://onthegomap.com/s/3d6vd5cq,,International District;Industrial District;Pioneer Square;Harbor Island;Alki;SODO,Downtown;Greater Duwamish;West Seattle,International District,SODO,
cc-chief-sealth-cc-center-loop,"Columbia City, Chief Sealth, CC Center Loop",ColCity,3.0,342,,ColCity,Loop,,https://onthegomap.com/s/4g3uoh3d,,Mid-Beacon Hill;Columbia City,Beacon Hill;Rainier Valley,Columbia City,Columbia City,
cc-chief-sealth-new-holly-ob,"OB: Columbia City, Chief Sealth Trail, New Holly",ColCity,4.9,486,486.0,ColCity,OB,,https://onthegomap.com/s/n6omlate,,Mid-Beacon Hill;Holly Park;Columbia City,Beacon Hill;Rainier Valley,Columbia City,Columbia City,
cc-genessee-lwb-rainier-loop,"Columbia City, Genessee Park, LWB, Rainier Ave Loop",ColCity,5.3,428,,ColCity,Loop,,https://onthegomap.com/s/ao044p9r,,Columbia City;Seward Park,Rainier Valley;Seward Park,Columbia City,Columbia City,
cc-genessee-lwb-north-ob,"OB: Columbia City, Genessee Park, LWB North",ColCity,5.7,283,,ColCity,OB,,https://onthegomap.com/s/cnnrmgo2,,Mount Baker;Columbia City;Seward Park,Rainier Valley;Seward Park,Columbia City,Columbia City,
cc-genessee-lwb-south-ob,"OB: Columbia City, Genessee Park, LWB South",ColCity,6.8,327,,ColCity,OB,,https://onthegomap.com/s/gm7lr79r,,Mid-Beacon Hill;Columbia City;Seward Park,Beacon Hill;Rainier Valley;Seward Park,Columbia City,Columbia City,
cc-genessee-lwb-seward-loop,"Columbia City, Genessee Park, LWB, Seward Loop",ColCity,7.8,560,,ColCity,Loop,,https://onthegomap.com/s/cjuu8fgl,,Columbia City;Seward Park,Rainier Valley;Seward Park,Columbia City,Columbia City,
cc-genessee-lwb-seward-loop-ob,"OB: Columbia City, Genessee Park, Seward Loop",ColCity,9.2,440,,ColCity,OB,,https://onthegomap.com/s/9shfec5e,,Columbia City;Seward Park,Rainier Valley;Seward Park,Columbia City,Columbia City,
colman-park-lwb-seward-loop-ob,"OB: Colman Park, LWB, Seward Loop",ColmanPark,8.9,43,,ColmanPark,OB,,https://onthegomap.com/s/46vnrb8m,True,Mount Baker;Seward Park,Rainier Valley;Seward Park,Mount Baker,Mount Baker,
cougar-north-loop-01,Cougar North Loop 01,Cougar,4.8,810,810.0,Cougar,Loop,Trail,https://onthegomap.com/s/ip0vi63l,,non-Seattle,,non-Seattle,non-Seattle,
cougar-south-loop-01,Cougar South Loop 01,Cougar,7.6,1470,1470.0,Cougar,Loop,Trail,https://onthegomap.com/s/do532cjh,,non-Seattle,,non-Seattle,non-Seattle,
cougar-ellis-loop,Cougar Ellis Loop,Cougar,12.7,2700,2700.0,Cougar,Loop,Trail,https://onthegomap.com/s/j31uo7bu,,non-Seattle,,non-Seattle,non-Seattle,
cougar-airshaft-wilderness-falls-loop,"Cougar Mountain, Airshaft, Wilderness Peak, Falls Loop",Cougar,13.3,2700,2700.0,Cougar,Loop,Trail,https://onthegomap.com/s/omksjsr7,,non-Seattle,,non-Seattle,non-Seattle,
cse-portage-bay-loop,"CSE, Portage Bay Loop",CSE,3.8,393,,CSE,Loop,,https://onthegomap.com/s/c5d3qp0b,,University of Washington;Portage Bay;Montlake,University District;Capitol Hill,University of Washington,University of Washington,
cse-arboretum-azalea-way-ob,"OB: CSE, Arboretum, Azalea Way",CSE,3.9,418,,CSE,OB,,https://onthegomap.com/s/mafjulde,,University of Washington;Madison Park;Montlake,University District;Capitol Hill,University of Washington,University of Washington,
cse-foster-arboretum-ob,"OB: CSE, Foster, Arboretum",CSE,4.0,438,,CSE,OB,,https://onthegomap.com/s/uofrci53,,University of Washington;Madison Park;Montlake,University District;Capitol Hill,University of Washington,University of Washington,
cse-gas-works-ob,"OB: CSE, Gas Works",CSE,4.0,247,,CSE,OB,,https://onthegomap.com/s/ocdc04ek,,University of Washington;University District;Wallingford,University District;North Central,University of Washington,University of Washington,
cse-foster-montlake-playfield-loop,"CSE, Foster, Montlake Playfield Loop",CSE,4.1,458,,CSE,Loop,,https://onthegomap.com/s/am74pbhq,,University of Washington;Madison Park;Montlake,University District;Capitol Hill,University of Washington,University of Washington,
cse-arboretum-interlaken-loop,"CSE, Arboretum, Interlaken Loop",CSE,4.2,507,,CSE,Loop,,https://onthegomap.com/s/3h2bvggg,,University of Washington;Stevens;Madison Park;Montlake,University District;Capitol Hill,University of Washington,University of Washington,
cse-foster-arboretum-montlake-loop,"CSE, Foster, Arboretum, Montlake Loop",CSE,4.2,442,,CSE,Loop,,https://onthegomap.com/s/rr87a29f,,University of Washington;Madison Park;Montlake,University District;Capitol Hill,University of Washington,University of Washington,
cse-ravenna-loop-ob,"OB: CSE, Ravenna Park Loop",CSE,4.2,387,,CSE,OB,,https://onthegomap.com/s/ka4bcat0,,University of Washington;Ravenna;University Heights;Roosevelt;University District,University District;Northeast,University of Washington,University of Washington,
cse-eastlake-stairs-volunteer-park-cap-hill,"CSE, Eastlake Stairs, Volunteer Park, Cap Hill",CSE,4.8,620,400.0,CapHill,P2P,Road,https://onthegomap.com/s/h0joa9sn,,University of Washington;South Lake Union;Stevens;Eastlake;University District;Broadway;Montlake,University District;Cascade;Capitol Hill,University of Washington,Broadway,
cse-24th-volunteer-ob,"OB: CSE, 24th Ave, Volunteer Park",CSE,5.1,710,,CSE,OB,,https://onthegomap.com/s/7i9ssch3,,University of Washington;Stevens;Montlake;Broadway,University District;Capitol Hill,University of Washington,University of Washington,
cse-foster-arboretum-interlaken-loop,"CSE, Foster, Arboretum, Interlaken Loop",CSE,5.4,600,,CSE,Loop,,https://onthegomap.com/s/made1kk1,,University of Washington;Stevens;Madison Park;Montlake,University District;Capitol Hill,University of Washington,University of Washington,
cse-foster-arboretum-loop,"CSE, Foster, Arboretum Loop",CSE,5.7,580,,CSE,Loop,,https://onthegomap.com/s/ngimn8at,,University of Washington;Madison Park;Montlake,University District;Capitol Hill,University of Washington,University of Washington,
cse-arboretum-interlaken-portage-bay-loop,"CSE, Arboretum, Interlaken, Portage Bay Loop",CSE,6.1,810,,CSE,Loop,,https://onthegomap.com/s/0prd34i2,,University of Washington;Stevens;Madison Park;Portage Bay;Broadway;Montlake,University District;Capitol Hill,University of Washington,University of Washington,
cse-laurelhurst-loop,"CSE, Laurelhurst Loop",CSE,6.2,391,,CSE,Loop,,https://onthegomap.com/s/ou8ums4m,,University of Washington;Ravenna;Bryant;Laurelhurst;Windermere;University District,University District;Northeast,University of Washington,University of Washington,
cse-foster-arboretum-interlaken-bay-loop,"CSE, Foster, Arboretum, Interlaken, Bay Loop",CSE,6.5,660,,CSE,Loop,,https://onthegomap.com/s/c4bi4qkc,,University of Washington;Stevens;Madison Park;Portage Bay;Montlake,University District;Capitol Hill,University of Washington,University of Washington,
cse-arb-lwb-mt-baker,"CSE, Arboretum, LWB, Mt Baker",CSE,6.8,570,,MtBaker,P2P,,https://onthegomap.com/s/jcdl7tgl,,University of Washington;Stevens;Madison Park;North Beacon Hill;Mount Baker;Columbia City;Madrona;Leschi;Montlake;Harrison/Denny-Blaine,Capitol Hill;Beacon Hill;University District;Central Area;Rainier Valley,University of Washington,North Beacon Hill,
cse-eastlake-stairs-volunteer-arboretum-loop,"CSE, Eastlake Stairs, Volunteer, Arboretum Loop",CSE,7.0,840,,CSE,Loop,,https://onthegomap.com/s/1vja44t2,,University of Washington;South Lake Union;Stevens;Madison Park;Portage Bay;Eastlake;Broadway;Montlake,University District;Cascade;Capitol Hill,University of Washington,University of Washington,
cse-nature-hawthorne-bryant-loop,"CSE, Nature Trail, Hawthorne Hills, Bryant Loop",CSE,7.0,510,,CSE,Loop,,https://onthegomap.com/s/sd2j81bq,,University of Washington;View Ridge;Ravenna;Wedgwood;Bryant;Laurelhurst;Windermere;University District,University District;Northeast,University of Washington,University of Washington,
cse-520-bell-dtwn,"CSE, 520, Downtown Bellevue",CSE,7.6,540,,BellDtwn,P2P,,https://onthegomap.com/s/gip7ge6p,,University of Washington;Montlake,University District;Capitol Hill,University of Washington,Montlake,
cse-520-ob,"OB: CSE, 520",CSE,7.6,590,,CSE,OB,,https://onthegomap.com/s/3ho0rufu,,University of Washington;Montlake,University District;Capitol Hill,University of Washington,University of Washington,
cse-laurelhurst-windemere-loop,"CSE, Laurelhurst, Windemere Loop",CSE,7.7,720,,CSE,Loop,,https://onthegomap.com/s/r1tq3v1f,,University of Washington;Ravenna;Bryant;Laurelhurst;Windermere;University District,University District;Northeast,University of Washington,University of Washington,
cse-arb-lwb-i90-trail-stairs-beacon,"CSE, Arboretum, LWB, I90 Trail, Stairs, Beacon",CSE,7.8,1100,,Beacon,P2P,,https://onthegomap.com/s/cl00d72b,,University of Washington;Stevens;Madison Park;North Beacon Hill;Mount Baker;Madrona;Leschi;Atlantic;Montlake;Harrison/Denny-Blaine,Capitol Hill;Beacon Hill;University District;Central Area;Rainier Valley,University of Washington,North Beacon Hill,
cse-cap-hill-parks-loop,"CSE, Capitol Hill Parks Loop",CSE,8.1,1000,,CSE,Loop,,https://onthegomap.com/s/1cbgnq69,,University of Washington;Stevens;Madison Park;Minor;Mann;Broadway;Montlake;Harrison/Denny-Blaine,University District;Central Area;Capitol Hill,University of Washington,University of Washington,
cse-lake-union-loop,"CSE, Lake Union Loop",CSE,8.1,400,,CSE,Loop,,https://onthegomap.com/s/d7n6ivqv,,University of Washington;South Lake Union;Westlake;Eastlake;East Queen Anne;Wallingford;University District;Fremont,University District;Cascade;Queen Anne;North Central,University of Washington,University of Washington,
cse-arb-lwb-cc,"CSE, Arboretum, LWB, Columbia City",CSE,8.2,670,,ColCity,P2P,,https://onthegomap.com/s/3keko8m6,,University of Washington;Stevens;Seward Park;Madison Park;Mount Baker;Columbia City;Madrona;Leschi;Montlake;Harrison/Denny-Blaine,Seward Park;Capitol Hill;University District;Central Area;Rainier Valley,University of Washington,Columbia City,
cse-foster-arboretum-madison-park-ob,"OB: CSE, Foster, Arboretum, Madison Park",CSE,8.3,840,,CSE,OB,,https://onthegomap.com/s/ti2jb5tb,,University of Washington;Stevens;Madison Park;Montlake;Harrison/Denny-Blaine,University District;Central Area;Capitol Hill,University of Washington,University of Washington,
cse-magnuson-ob,"OB: CSE, Magnuson",CSE,8.3,380,,CSE,OB,,https://onthegomap.com/s/js1qc2oe,,University of Washington;View Ridge;Ravenna;Sand Point;Bryant;University District;Windermere,University District;Northeast,University of Washington,University of Washington,
cse-arb-lwb-i90-trail-beacon,"CSE, Arboretum, LWB, I90 Trail, Beacon",CSE,8.4,1110,,Beacon,P2P,,https://onthegomap.com/s/su6gtm6h,,University of Washington;Stevens;Madison Park;North Beacon Hill;Mount Baker;Madrona;Leschi;Atlantic;Montlake;Harrison/Denny-Blaine,Capitol Hill;Beacon Hill;University District;Central Area;Rainier Valley,University of Washington,North Beacon Hill,
cse-foster-arboretum-beaver-lodge-ob,"OB: CSE, Foster, Arboretum, Beaver Lodge",CSE,8.8,800,,CSE,OB,,https://onthegomap.com/s/571qdd37,,University of Washington;Stevens;Madison Park;Montlake;Harrison/Denny-Blaine,University District;Central Area;Capitol Hill,University of Washington,University of Washington,
cse-lwb-cc,"CSE, LWB, Columbia City",CSE,8.8,650,,ColCity,P2P,,https://onthegomap.com/s/k3pikua1,,University of Washington;Stevens;Seward Park;Madison Park;Mount Baker;Columbia City;Madrona;Leschi;Montlake;Harrison/Denny-Blaine,Seward Park;Capitol Hill;University District;Central Area;Rainier Valley,University of Washington,Columbia City,
cse-520-eastrail-bell-dtwn,"CSE, 520, Eastrail, Bellevue Downtown",CSE,9.0,740,,BellDtwn,P2P,,https://onthegomap.com/s/8rjmci5k,,University of Washington;Montlake,University District;Capitol Hill,University of Washington,Montlake,
cse-burke-salmon-bay-ship-canal-ob,"OB: CSE, Burke, Salmon Bay, Ship Canal",CSE,9.3,310,,CSE,OB,,https://onthegomap.com/s/gtievusc,,University of Washington;West Woodland;North Queen Anne;East Queen Anne;Wallingford;University District;Fremont,University District;Queen Anne;North Central;Ballard,University of Washington,University of Washington,
cse-lwb-frog-pond-i90-trail-sodo,"CSE, LWB, Frog Pond, I90 Trail, SODO",CSE,9.3,910,,SODO,P2P,,https://onthegomap.com/s/oru27j5p,,University of Washington;Stevens;Madison Park;North Beacon Hill;Mount Baker;Madrona;Leschi;Atlantic;Montlake;Harrison/Denny-Blaine;SODO,Capitol Hill;Beacon Hill;Greater Duwamish;University District;Central Area;Rainier Valley,University of Washington,SODO,
cse-portage-bay-lake-union-loop,"CSE, Portage Bay, Lake Union Loop",CSE,9.5,540,,CSE,Loop,,https://onthegomap.com/s/5mii0jgd,,University of Washington;South Lake Union;Westlake;Portage Bay;Eastlake;East Queen Anne;Wallingford;University District;Fremont;Montlake,North Central;Cascade;Capitol Hill;Queen Anne;University District,University of Washington,University of Washington,
cse-arb-mercer-westlake-burke-loop,"CSE, Arboretum, Mercer, Westlake, Burke Loop",CSE,9.7,870,,CSE,Loop,,https://onthegomap.com/s/sq0lng1a,,University of Washington;Stevens;South Lake Union;Westlake;East Queen Anne;Wallingford;University District;Broadway;Fremont;Montlake,North Central;Cascade;Capitol Hill;Queen Anne;University District,University of Washington,University of Washington,
cse-magnuson-park-loop-ob,"OB: CSE, Magnuson Park Loop",CSE,9.7,520,,CSE,OB,,https://onthegomap.com/s/947d7u3q,,University of Washington;Ravenna;Sand Point;Bryant;University District;Windermere,University District;Northeast,University of Washington,University of Washington,
cse-520-wetherill-ob,"OB: CSE, 520, Wetherill Preserve",CSE,9.8,710,,CSE,OB,,https://onthegomap.com/s/jssjhikb,,University of Washington;Montlake,University District;Capitol Hill,University of Washington,University of Washington,
cse-520-trail-redmond-tech-center,"CSE, 520 Trail, Redmond Tech Center",CSE,10.0,930,,RedTech,P2P,,https://onthegomap.com/s/v912b5iv,,University of Washington;Montlake,University District;Capitol Hill,University of Washington,Montlake,
cse-arb-lwb-seward-cc,"CSE, Arboretum, LWB, Seward, Columbia City",CSE,10.9,860,,ColCity,P2P,,https://onthegomap.com/s/k9kqgvd7,,University of Washington;Stevens;Seward Park;Madison Park;Mount Baker;Columbia City;Madrona;Leschi;Montlake;Harrison/Denny-Blaine,Seward Park;Capitol Hill;University District;Central Area;Rainier Valley,University of Washington,Columbia City,
cse-jays-cafe,CSE to Jay's Cafe,CSE,11.2,410,,JaysCafe,P2P,,https://onthegomap.com/s/9au7h17i,,University of Washington;View Ridge;Ravenna;Bryant;Cedar Park;University District;Windermere;Matthews Beach,University District;Lake City;Northeast,University of Washington,Cedar Park,
cse-lwb-colman-park-ob,"OB: CSE, LWB, Colman Park",CSE,11.6,970,,CSE,OB,,https://onthegomap.com/s/li7sok5j,,University of Washington;Stevens;Madison Park;Mount Baker;Madrona;Leschi;Montlake;Harrison/Denny-Blaine,University District;Central Area;Capitol Hill;Rainier Valley,University of Washington,University of Washington,
cse-burke-locks-elliot-bay-westlake,"CSE, Burke, Locks, Elliot Bay, Westlake",CSE,11.7,500,,Westlake,P2P,,https://onthegomap.com/s/njn7df19,,University of Washington;West Woodland;Ballard;Interbay;Southeast Magnolia;Central Business District;Lawton Park;Belltown;Wallingford;University District;Pike-Market;Fremont,North Central;Downtown;Interbay;Ballard;Magnolia;University District,University of Washington,Central Business District,
cse-520-eastside-parks-south-bellevue,"CSE, 520, Eastside Parks, South Bellevue",CSE,11.9,1260,,SoBell,P2P,,https://onthegomap.com/s/n3e1nni2,,University of Washington;Montlake,University District;Capitol Hill,University of Washington,Montlake,
cse-lake-union-stone-green-lake-ravenna-loop,"CSE, Lake Union, Stone Way, Green Lake, Ravenna Loop",CSE,12.5,640,,CSE,Loop,,https://onthegomap.com/s/l7silht4,,University of Washington;South Lake Union;Westlake;Phinney Ridge;Ravenna;Roosevelt;Eastlake;East Queen Anne;Green Lake;Wallingford;University District;Fremont,North Central;Cascade;Northeast;Queen Anne;University District,University of Washington,University of Washington,
cse-arb-lwb-seward-loop-cc,"CSE, Arboretum, LWB, Seward Loop, Columbia City",CSE,13.3,950,,ColCity,P2P,,https://onthegomap.com/s/8afj5151,,University of Washington;Stevens;Seward Park;Madison Park;Mount Baker;Columbia City;Madrona;Leschi;Montlake;Harrison/Denny-Blaine,Seward Park;Capitol Hill;University District;Central Area;Rainier Valley,University of Washington,Columbia City,
cse-lwb-sailing-club-ob,"OB: CSE, LWB, Sailing Club",CSE,14.0,1040,,CSE,OB,,https://onthegomap.com/s/jat6l5fl,,University of Washington;Stevens;Seward Park;Madison Park;Mount Baker;Madrona;Leschi;Montlake;Harrison/Denny-Blaine,Seward Park;Capitol Hill;University District;Central Area;Rainier Valley,University of Washington,University of Washington,
cse-eastlake-sculpture-locks-loop,"CSE, Eastlake, Sculpture Park, Locks Loop",CSE,15.7,740,,CSE,Loop,,https://onthegomap.com/s/3ijhqn6e,,University of Washington;South Lake Union;West Woodland;Portage Bay;Interbay;Southeast Magnolia;Ballard;Wallingford;Lawton Park;Eastlake;Belltown;University District;Lower Queen Anne;Fremont,North Central;Cascade;Downtown;Interbay;Capitol Hill;Ballard;Queen Anne;Magnolia;University District,University of Washington,University of Washington,
cse-woodinville-cafe,"CSE, Woodinville Cafe",CSE,16.3,610,,WoodCafe,P2P,,https://onthegomap.com/s/4un60ulp,,University of Washington;View Ridge;Ravenna;Bryant;Cedar Park;University District;Windermere;Matthews Beach,University District;Lake City;Northeast,University of Washington,Cedar Park,
cse-portage-sculpture-locks-loop,"CSE, Portage Bay, Sculpture Park, Locks Loop",CSE,17.1,870,,CSE,Loop,,https://onthegomap.com/s/8l1h07jc,,University of Washington;South Lake Union;West Woodland;Portage Bay;Interbay;Southeast Magnolia;Ballard;Wallingford;Lawton Park;Eastlake;Belltown;University District;Lower Queen Anne;Fremont;Montlake,North Central;Cascade;Downtown;Interbay;Capitol Hill;Ballard;Queen Anne;Magnolia;University District,University of Washington,University of Washington,
cse-lwb-seward-ob,"OB: CSE, LWB, Seward",CSE,17.6,1060,,CSE,OB,,https://onthegomap.com/s/h7l0d3ht,,University of Washington;Stevens;Seward Park;Madison Park;Mount Baker;Madrona;Leschi;Montlake;Harrison/Denny-Blaine,Seward Park;Capitol Hill;University District;Central Area;Rainier Valley,University of Washington,University of Washington,
cse-520-ckc-sammamish-river-marymoor,"CSE, 520, CKC, Sammamish River, Marymoor",CSE,17.9,830,,Marymoor,P2P,,https://onthegomap.com/s/edss2jn5,,University of Washington;Montlake,University District;Capitol Hill,University of Washington,Montlake,
cse-lwb-seward-loop-ob,"OB: CSE, LWB, Seward Loop",CSE,20.0,1150,,CSE,OB,,https://onthegomap.com/s/o6107999,,University of Washington;Stevens;Seward Park;Madison Park;Mount Baker;Madrona;Leschi;Montlake;Harrison/Denny-Blaine,Seward Park;Capitol Hill;University District;Central Area;Rainier Valley,University of Washington,University of Washington,
cse-520-mercer-slough-i90-lwb-arb-loop,"CSE, 520, Mercer Slough, I90 Trail, LWB, Arboretum Loop",CSE,20.7,1600,,CSE,Loop,,https://onthegomap.com/s/86vj3afv,,University of Washington;Stevens;Madison Park;Mount Baker;Madrona;Leschi;Montlake;Harrison/Denny-Blaine,University District;Central Area;Capitol Hill;Rainier Valley,University of Washington,University of Washington,
cse-520-eastrail-mercer-slough-i90-lwb-arb-loop,"CSE, 520, Eastrail, Mercer Slough, I90 Trail, LWB, Arboretum Loop",CSE,22.4,1700,,CSE,Loop,,https://onthegomap.com/s/24dhlgat,,University of Washington;Stevens;Madison Park;Mount Baker;Madrona;Leschi;Montlake;Harrison/Denny-Blaine,University District;Central Area;Capitol Hill;Rainier Valley,University of Washington,University of Washington,
green-lake-ravenna-calvary-cemetery-ob,"OB: Green Lake, Ravenna, Calvary Cemetery",GasWorks,5.4,510,,GasWorks,OB,,https://onthegomap.com/s/4hanjvch,,Roosevelt;Ravenna;Green Lake,Northeast;North Central,Green Lake,Green Lake,
gas-works-ballard-bridge-ship-canal-loop,"Gas Works, Ballard Bridge, Ship Canal Loop",GasWorks,5.5,209,,GasWorks,Loop,,https://onthegomap.com/s/bc36dol4,,North Queen Anne;Fremont;West Woodland;Wallingford,Queen Anne;North Central;Ballard,Wallingford,Wallingford,
gas-works-green-lake-ob,"OB: Gas Works, Green Lake Community Center",GasWorks,6.0,357,,GasWorks,OB,,https://onthegomap.com/s/trfuphnl,,Phinney Ridge;Fremont;Green Lake;Wallingford,North Central,Wallingford,Wallingford,
gas-works-lake-union-loop,"Gas Works, Lake Union Loop",GasWorks,6.3,303,,GasWorks,Loop,,https://onthegomap.com/s/oepno6ud,,South Lake Union;Westlake;Eastlake;East Queen Anne;Wallingford;University District;Fremont,Cascade;University District;Queen Anne;North Central,Wallingford,Wallingford,
gas-works-around-green-lake-ob,"OB: Gas Works, Green Lake Loop",GasWorks,6.9,390,,GasWorks,OB,,https://onthegomap.com/s/dg4pkip4,,Phinney Ridge;Fremont;Green Lake;Wallingford,North Central,Wallingford,Wallingford,
gas-works-locks-salmon-bay-loop,"Gas Works, Locks, Salmon Bay Loop",GasWorks,8.0,250,,GasWorks,Loop,,https://onthegomap.com/s/4fpqkgfr,,West Woodland;Interbay;North Queen Anne;Wallingford;Lawton Park;East Queen Anne;Ballard;Fremont,North Central;Interbay;Queen Anne;Ballard;Magnolia,Wallingford,Wallingford,
gas-works-queen-anne-loop,"Gas Works, Queen Anne Loop",GasWorks,9.7,830,,GasWorks,Loop,,https://onthegomap.com/s/56mrgar1,,South Lake Union;Westlake;Interbay;North Queen Anne;Denny Triangle;Belltown;East Queen Anne;West Queen Anne;Wallingford;Lower Queen Anne;Fremont,North Central;Cascade;Downtown;Interbay;Queen Anne,Wallingford,Wallingford,
gas-works-kotkins-pier-salmon-bay-loop,"Gas Works, Kotkins Pier, Salmon Bay Loop",GasWorks,10.2,320,,GasWorks,Loop,,https://onthegomap.com/s/oufhpc2l,,West Woodland;Interbay;North Queen Anne;Wallingford;Lawton Park;East Queen Anne;Ballard;Sunset Hill;Fremont,North Central;Interbay;Queen Anne;Ballard;Magnolia,Wallingford,Wallingford,
green-lake-loop,Green Lake Loop,GreenLake,2.8,91,,GreenLake,Loop,,https://onthegomap.com/s/9i7epe20,True,Green Lake,North Central,Green Lake,Green Lake,
green-lake-gas-works-ob,"OB: Green Lake Community Center, Gas Works",GreenLake,6.0,403,,GreenLake,OB,,https://onthegomap.com/s/5lmhn2pg,True,Wallingford;Phinney Ridge;Fremont;Green Lake,North Central,Green Lake,Green Lake,
green-lake-ravenna-burke-stone-loop,"Green Lake, Ravenna, Burke, Stone Way Loop",GreenLake,8.0,430,,GreenLake,Loop,,https://onthegomap.com/s/svphv9ji,True,University of Washington;Ravenna;Phinney Ridge;Roosevelt;Wallingford;Green Lake;University District;Fremont,University District;Northeast;North Central,Green Lake,Green Lake,
johnson-ridge-trail-sunrise-scorpion-ob,"OB: Johnson Ridge Trail, Sunrise Mountain, Scorpion Mountain",JRidgeTrail,8.2,3400,3400.0,JRidgeTrail,OB,Trail,https://onthegomap.com/s/f71fgke1,,non-Seattle,,non-Seattle,non-Seattle,
locks-ballard-bridge-loop,"Locks, Ballard Bridge Loop",Locks,3.5,156,,Locks,Loop,,https://onthegomap.com/s/53tu3r6p,,West Woodland;North Queen Anne;Interbay;Lawton Park;Ballard,Magnolia;Interbay;Queen Anne;Ballard,Ballard,Ballard,
locks-golden-gardens-ob,"OB: Locks, Golden Gardens",Locks,4.5,166,,Locks,OB,,https://onthegomap.com/s/bq66i80d,,Sunset Hill;Ballard,Ballard,Ballard,Ballard,
locks-discovery-loop,"Locks, Discovery Park Loop",Locks,6.2,950,,Locks,Loop,,https://onthegomap.com/s/6ntam7vl,,Interbay;Lawton Park;Ballard,Magnolia;Interbay;Ballard,Ballard,Ballard,
locks-fremont-bridge-loop,"Locks, Fremont Bridge Loop",Locks,6.3,257,,Locks,Loop,,https://onthegomap.com/s/3bafjrs7,,West Woodland;North Queen Anne;Interbay;Lawton Park;Ballard;Fremont,North Central;Interbay;Queen Anne;Ballard;Magnolia,Ballard,Ballard,
locks-discovery-radar-magnolia-discovery-ob,"OB: Locks, Discovery Radar, Magnolia, Discovery, Locks",Locks,7.9,990,,Locks,OB,,https://onthegomap.com/s/si9m6jpv,,Interbay;Briarcliff;Lawton Park;Ballard,Magnolia;Interbay;Ballard,Ballard,Ballard,
locks-discovery-salmon-bay-loop,"Locks, Discovery Park, Salmon Bay Loop",Locks,8.1,890,,Locks,Loop,,https://onthegomap.com/s/uop4tt1d,,West Woodland;North Queen Anne;Interbay;Lawton Park;Ballard,Magnolia;Interbay;Queen Anne;Ballard,Ballard,Ballard,
locks-discovery-magnolia-interbay-loop,"Locks, Discovery, Magnolia, Interbay Loop",Locks,8.8,880,,Locks,Loop,,https://onthegomap.com/s/kn1hi8ov,,Interbay;Southeast Magnolia;Briarcliff;Lawton Park;Ballard,Magnolia;Interbay;Ballard,Ballard,Ballard,
locks-discovery-magnolia-discovery-ob,"OB: Locks, Discovery, Magnolia, Discovery, Locks",Locks,10.0,1320,,Locks,OB,,https://onthegomap.com/s/huatu1m7,,Interbay;Briarcliff;Lawton Park;Ballard,Magnolia;Interbay;Ballard,Ballard,Ballard,
locks-magnolia-elliott-bay-cranes-alki,"Locks, Magnolia, Elliott Bay Trail, Cranes, Alki Beach",Locks,15.2,810,,Alki,P2P,,https://onthegomap.com/s/u0jioq43,,Industrial District;Interbay;Southeast Magnolia;Pioneer Square;Briarcliff;Harbor Island;Alki;Central Business District;Lawton Park;Belltown;Ballard;Pike-Market;SODO,Downtown;Interbay;West Seattle;Greater Duwamish;Ballard;Magnolia,Ballard,Alki,
lord-hill-end-to-end-viewpoint-loop,Lord Hill End-to-end Viewpoint Loop,LordHill,10.0,1980,1980.0,LordHill,Loop,Trail,https://onthegomap.com/s/n4rlg8i8,,non-Seattle,,non-Seattle,non-Seattle,
lynwood-jogn-interurban-northgate,"Lynwood, Jog North, Interurban Trail, Northgate","Lynwood",15,790,880,"Northgate","P2P","Road","https://onthegomap.com/s/rk7tt0qb",""
madrona-park-lwb-madison-beach-ob,"OB: Madrona Park, LWB, Madison Beach",MadronaPark,4.7,337,,MadronaPark,OB,,https://onthegomap.com/s/ls4gofa5,True,Madison Park;Harrison/Denny-Blaine;Madrona,Central Area;Capitol Hill,Madrona,Madrona,
madrona-park-lwb-sailing-club-ob,"OB: Madrona Park, LWB, Sailing Club",MadronaPark,6.0,339,,MadronaPark,OB,,https://onthegomap.com/s/8nsem6fp,True,Seward Park;Mount Baker;Leschi;Madrona,Central Area;Rainier Valley;Seward Park,Madrona,Madrona,
magnuson-park-loop,Magnuson Park Loop,Magnuson,2.2,67,,Magnuson,Loop,,https://onthegomap.com/s/m5g1hfj5,True,Sand Point,Northeast,Sand Point,Sand Point,
miller-interlaken-ob,"OB: Miller Playfield, Interlaken",Miller,3.93,548,,Miller,OB,,https://onthegomap.com/s/apg53aoe,,Stevens;Montlake,Capitol Hill,Stevens,Stevens,
miller-judkins-i90-bridge-ob,"OB: Miller Playfield, Judkins Park, I90 Bridge",Miller,10.0,930,,Miller,OB,,https://onthegomap.com/s/cr1mcpsl,,Stevens;Mount Baker;Atlantic;Minor,Central Area;Capitol Hill;Rainier Valley,Stevens,Stevens,
mb-lwb-cc,"Mount Bake, LWB, Columbia City",MtBaker,3.3,261,,ColCity,P2P,,https://onthegomap.com/s/3i1cco56,,North Beacon Hill;Mount Baker;Columbia City;Seward Park,Beacon Hill;Rainier Valley;Seward Park,North Beacon Hill,Columbia City,
northgate-resevoirs-roosevelt,"Northgate, Resevoirs, Roosevelt",Northgate,4.1,600,,Roosevelt,P2P,,https://onthegomap.com/s/2tmbpess,,Maple Leaf;Victory Heights;Roosevelt,Lake City;Northeast;Northgate,Maple Leaf,Roosevelt,
northgate-carkeek-ob,"OB: Northgate, Carkeek",Northgate,6.4,720,,Northgate,OB,,https://onthegomap.com/s/k15n5ruq,,Licton Springs;Haller Lake;Maple Leaf;Broadview;North Beach/Blue Ridge;Bitter Lake;Greenwood,Northwest;Northgate,Maple Leaf,Maple Leaf,
northgate-bitter-lake-ob,"OB: Northgate, Interurban Trail, Bitter Lake",Northgate,7.0,520,,Northgate,OB,,https://onthegomap.com/s/t5v1dtdu,,Maple Leaf;Bitter Lake;Licton Springs;Haller Lake,Northwest;Northgate,Maple Leaf,Maple Leaf,
northgate-carkeek-roosevelt,"Northgate, Carkeek, Roosevelt",Northgate,8.2,750,,Roosevelt,P2P,,https://onthegomap.com/s/i52u05p8,,Crown Hill;Licton Springs;Whittier Heights;Haller Lake;Roosevelt;Maple Leaf;Broadview;North Beach/Blue Ridge;Bitter Lake;Green Lake;Greenwood,North Central;Northgate;Northeast;Northwest;Ballard,Maple Leaf,Roosevelt,
northgate-cemeteries-interurban-boeing-creek-ob,"OB: Northgate, Cemeteries, Interurban Trail, Boeing Creek",Northgate,12.1,1000,,Northgate,OB,,https://onthegomap.com/s/p9fqbats,,Maple Leaf;Bitter Lake;Licton Springs;Haller Lake,Northwest;Northgate,Maple Leaf,Maple Leaf,
northgate-echo-lake-ob,"OB: Northgate, Interurban Trail, Echo Lake",Northgate,12.4,580,,Northgate,OB,,https://onthegomap.com/s/mqvelf8h,,Greenwood;Maple Leaf;Bitter Lake;Licton Springs,Northwest;Northgate,Maple Leaf,Maple Leaf,
pacpav-kinnear-kerry-queen-anne-loop,"Paccar Pavilion, Kinnear, Kerry, Queen Anne Loop",PacPav,5.3,620,,PacPav,Loop,,https://onthegomap.com/s/os97cdo4,True,Interbay;East Queen Anne;West Queen Anne;Belltown;Lower Queen Anne,Downtown;Interbay;Queen Anne,Belltown,Belltown,
sculpture-park-interbay-ob,"OB: Sculpture Park, Interbary",PacPav,6.5,264,,PacPav,OB,,https://onthegomap.com/s/3pc0n4ej,True,Interbay;Belltown,Downtown;Interbay,Belltown,Belltown,
sculpture-park-interbay-ship-canal-wlave-loop,"Sculpture Park, Interbay, Ship Canal, Westlake Ave Loop",PacPav,8.9,400,,PacPav,Loop,,https://onthegomap.com/s/9pcf7pb3,True,South Lake Union;Westlake;North Queen Anne;Interbay;Southeast Magnolia;East Queen Anne;Belltown;Lower Queen Anne,Cascade;Downtown;Interbay;Queen Anne;Magnolia,Belltown,Belltown,
pacpav-lake-union-loop,"Paccar Pavilion, Seattle Center, Lake Union Loop",PacPav,9.2,550,,PacPav,Loop,,https://onthegomap.com/s/smaakonk,True,South Lake Union;Westlake;Wallingford;Eastlake;East Queen Anne;Belltown;University District;Lower Queen Anne;Fremont,North Central;Cascade;Downtown;Queen Anne;University District,Belltown,Belltown,
redwater-loop,Redmond Watershed Preserve Loop,RedWater,4.6,533,533.0,RedWater,Loop,Trail,https://onthegomap.com/s/1fo2771e,,non-Seattle,,non-Seattle,non-Seattle,
roosevelt-green-lake-loop,"Roosevelt, Green Lake Loop",Roosevelt,4.3,152,,Roosevelt,Loop,,https://onthegomap.com/s/dl3ne2h5,,Green Lake;Roosevelt,Northeast;North Central,Roosevelt,Roosevelt,
"roosevelt-cse-p2p","Roosevelt, Ravenna, Burke, CSE","Roosevelt","4.7","339","450","CSE","P2P","","https://onthegomap.com/s/3r8tkhtn",,,,
roosevelt-green-lake-rose-gardens-loop,"Roosevelt, Green Lake, Rose Gardens Loop",Roosevelt,6.4,400,,Roosevelt,Loop,,https://onthegomap.com/s/4oft807m,,Green Lake;Phinney Ridge;Roosevelt,Northeast;North Central,Roosevelt,Roosevelt,
roosevelt-magnuson-loop,"Roosevelt, Magnuson Loop",Roosevelt,8.5,1060,,Roosevelt,Loop,,https://onthegomap.com/s/6g9jkjg8,,View Ridge;Ravenna;Sand Point;Wedgwood;Roosevelt;Bryant;Windermere,Northeast,Roosevelt,Roosevelt,
roosevelt-carkeek-phinney-ridge-loop,"Roosevelt, Carkeek, Phinney Ridge Loop",Roosevelt,11.4,880,,Roosevelt,Loop,,https://onthegomap.com/s/chook6dv,,Crown Hill;Phinney Ridge;Whittier Heights;Roosevelt;North Beach/Blue Ridge;Broadview;Green Lake;Greenwood,Northwest;Northeast;North Central;Ballard,Roosevelt,Roosevelt,
roosevelt-carkeek-golden-gardens-roses-loop,"Roosevelt, Carkeek, Golden Gardens, Roses Loop",Roosevelt,14.9,1260,,Roosevelt,Loop,,https://onthegomap.com/s/mtm7umvc,,Crown Hill;Phinney Ridge;West Woodland;Ballard;Loyal Heights;Roosevelt;North Beach/Blue Ridge;Broadview;Green Lake;Sunset Hill;Greenwood,Northwest;Northeast;North Central;Ballard,Roosevelt,Roosevelt,
seward-park-loop,Seward Park Loop,Seward,2.4,170,,Seward,Loop,,https://onthegomap.com/s/0fetb9ad,True,Seward Park,Seward Park,Seward Park,Seward Park,
sobell-mercer-slough-park-loop,"South Bellevue, Mercer Slough Park Loop",SoBell,3.5,274,274.0,SoBell,Loop,,https://onthegomap.com/s/abcba8ks,,non-Seattle,,non-Seattle,non-Seattle,
sobell-follow-2-line-redtech,"South Bellevue, Follow 2 Line, Redmond Technology Center",SoBell,7.8,680,380.0,RedTech,P2P,Road,https://onthegomap.com/s/k2tecdam,,non-Seattle,,non-Seattle,non-Seattle,
south-discovery-magnolia-elliott-bay-cranes-alki,"South Discovery, Magnolia, Elliott Bay Trail, Cranes, Alki Beach",SoDisco,13.7,510,,Alki,P2P,,https://onthegomap.com/s/cf62rbka,True,Industrial District;Interbay;Southeast Magnolia;Pioneer Square;Briarcliff;Harbor Island;Alki;Central Business District;Lawton Park;Belltown;Pike-Market;SODO,Downtown;Interbay;West Seattle;Greater Duwamish;Magnolia,Lawton Park,Alki,
sodo-4th-ave-airport-way-industrial-loop,"SODO, 4th Ave, Airport Way Industrial Loop",SODO,4.3,47,,SODO,Loop,,https://onthegomap.com/s/a7rniok4,,Industrial District;Georgetown;SODO,Greater Duwamish,SODO,SODO,
sodo-mts-sound-i90-trail-ob,"OB: SODO, Mts to Sound, I90 Trail, East Portal View",SODO,6.3,810,,SODO,OB,,https://onthegomap.com/s/hj89dka2,,North Beacon Hill;Atlantic;Mount Baker;SODO,Beacon Hill;Central Area;Greater Duwamish;Rainier Valley,SODO,SODO,
sodo-duwamish-trail-1st-loop,"SODO, Duwamish Trail, 1st Ave Loop",SODO,7.9,172,,SODO,Loop,,https://onthegomap.com/s/9olfocio,,South Park;Industrial District;Harbor Island;Georgetown;North Delridge;SODO,Greater Duwamish;Delridge,SODO,SODO,
sodo-jack-block-ob,"OB: SODO, Jack Block Park",SODO,8.3,410,,SODO,OB,,https://onthegomap.com/s/1k1cibr8,,Industrial District;Harbor Island;SODO,Greater Duwamish,SODO,SODO,
sodo-luna-pier-ob,"OB: SODO, Luna Pier",SODO,9.2,320,,SODO,OB,,https://onthegomap.com/s/cm9vrvku,,Industrial District;Alki;Harbor Island;SODO,Greater Duwamish;West Seattle,SODO,SODO,
sodo-alki-schmitz-andover-loop,"SODO, Alki Beach, Schmitz Blvd, Andover Loop",SODO,11.4,850,,SODO,Loop,,https://onthegomap.com/s/ethu3clh,,Industrial District;Genesee;Harbor Island;Fairmount Park;Alki;North Delridge;North Admiral;SODO,Delridge;Greater Duwamish;West Seattle,SODO,SODO,
sodo-alki-beach-little-liberty-ob,"OB: SODO, Alki Beach, Little Liberty",SODO,12.3,390,,SODO,OB,,https://onthegomap.com/s/a3kpgjus,,Industrial District;Alki;Harbor Island;SODO,Greater Duwamish;West Seattle,SODO,SODO,
sodo-alki-beach-half-ob,"OB: SODO, Alki Beach Half",SODO,13.1,390,,SODO,OB,,https://onthegomap.com/s/ltn82g3o,,Industrial District;Alki;Harbor Island;SODO,Greater Duwamish;West Seattle,SODO,SODO,
sodo-alki-beach-drive-puget-park-loop,"SODO, Alki, Beach Drive, Puget Park Loop",SODO,14.2,960,,SODO,Loop,,https://onthegomap.com/s/dujb94hc,,Industrial District;Seaview;Harbor Island;Riverview;Fairmount Park;High Point;Alki;North Delridge;SODO,Delridge;Greater Duwamish;West Seattle,SODO,SODO,
sodo-alki-camp-long-chinese-garden-loop,"SODO, Alki, Camp Long, Chinese Garden Loop",SODO,16.2,1140,,SODO,Loop,,https://onthegomap.com/s/1a2n3nm9,,Industrial District;Seaview;Harbor Island;Riverview;Fairmount Park;High Point;Alki;North Delridge;SODO,Delridge;Greater Duwamish;West Seattle,SODO,SODO,
sodo-alki-lincoln-duwamish-1st-loop,"SODO, Alki Beach, Lincoln Park, Duwamish Trail, 1st Ave Loop",SODO,19.0,1200,,SODO,Loop,,https://onthegomap.com/s/sevrqk33,,South Park;Highland Park;Gatewood;Industrial District;Seaview;South Delridge;Harbor Island;Roxhill;Georgetown;Alki;Fauntleroy;SODO,Delridge;Greater Duwamish;West Seattle,SODO,SODO,
sodo-alki-lincoln-duwamish-loop,"SODO, Alki Beach, Lincoln Park, Duwamish Trail Loop",SODO,19.8,1400,,SODO,Loop,,https://onthegomap.com/s/6asb66pn,,South Park;North Delridge;Highland Park;Gatewood;Industrial District;Seaview;South Delridge;Harbor Island;Roxhill;Alki;Fauntleroy;SODO,Delridge;Greater Duwamish;West Seattle,SODO,SODO,
wash-park-interlaken-ob,"OB: Washington Park, Interlaken",WashPark,3.7,477,,WashPark,OB,,https://onthegomap.com/s/es3vs3pk,True,Stevens;Montlake,Capitol Hill,Stevens,Stevens,
wash-park-lwb-mt-baker-beach-ob,"OB: Washington Park, LWB, Mt Baker Beach",WashPark,7.1,550,,WashPark,OB,,https://onthegomap.com/s/akehjo3a,True,Stevens;Madison Park;Mount Baker;Leschi;Madrona;Harrison/Denny-Blaine,Central Area;Capitol Hill;Rainier Valley,Stevens,Stevens,
wash-park-lwb-sailing-club-ob,"OB: Washington Park, LWB, Sailing Club",WashPark,9.5,620,,WashPark,OB,,https://onthegomap.com/s/mrfgva4k,True,Stevens;Seward Park;Madison Park;Mount Baker;Leschi;Madrona;Harrison/Denny-Blaine,Central Area;Capitol Hill;Rainier Valley;Seward Park,Madison Park,Madison Park,
wash-park-lwb-seward-ob,"OB: Washington Park, LWB, Seward",WashPark,13.1,730,,WashPark,OB,,https://onthegomap.com/s/lpuhoalf,True,Stevens;Seward Park;Madison Park;Mount Baker;Leschi;Madrona;Harrison/Denny-Blaine,Central Area;Capitol Hill;Rainier Valley;Seward Park,Madison Park,Madison Park,
westlake-waterfront-cranes-sodo,"Westlake, Waterfront, Cranes, SODO",Westlake,4.4,90,,SODO,P2P,,https://onthegomap.com/s/3irg5bar,,Pioneer Square;Central Business District;Belltown;Pike-Market;SODO,Downtown;Greater Duwamish,Central Business District,SODO,
westlake-sculpture-park-ob,"OB: Westlake, Sculpture Park",Westlake,5.1,253,,Westlake,OB,,https://onthegomap.com/s/nfe3jmv0,,Central Business District;Interbay;Pike-Market;Belltown,Downtown;Interbay,Central Business District,Central Business District,
westlake-kerry-park-fairy-rings-dexter-loop,"Westlake, Kerry Park, Fairy Rings, Dexter Loop",Westlake,7.2,820,,Westlake,Loop,,https://onthegomap.com/s/nnpp0gcg,,South Lake Union;Westlake;North Queen Anne;Denny Triangle;Central Business District;East Queen Anne;West Queen Anne;Belltown;Lower Queen Anne,Cascade;Downtown;Queen Anne,Central Business District,Central Business District,
westlake-sculpture-park-kerry-park-loop,"Westlake, Sculpture Park, Kerry Park Loop",Westlake,7.3,740,,Westlake,Loop,,https://onthegomap.com/s/hee9mlan,,South Lake Union;Westlake;Interbay;Denny Triangle;Lower Queen Anne;Central Business District;West Queen Anne;East Queen Anne;Belltown;Pike-Market,Cascade;Downtown;Interbay;Queen Anne,Central Business District,Central Business District,
westlake-sculpture-smith-cove-ob,"OB: Westlake, Sculpture Park, Smith Cove",Westlake,9.3,410,,Westlake,OB,,https://onthegomap.com/s/rm6intki,,Central Business District;Interbay;Pike-Market;Belltown,Downtown;Interbay,Central Business District,Central Business District,
westlake-elliot-bay-ship-canal-dexter-loop,"Westlake, Elliot Bay, Ship Canal, Dexter Loop",Westlake,9.8,430,,Westlake,Loop,,https://onthegomap.com/s/rdqa9ltj,,South Lake Union;Westlake;Interbay;Southeast Magnolia;North Queen Anne;Lower Queen Anne;Central Business District;East Queen Anne;Belltown;Pike-Market,Cascade;Downtown;Interbay;Queen Anne;Magnolia,Central Business District,Central Business District,
westlake-sculpture-marina-ob,"OB: Westlake, Sculpture Park, Marina",Westlake,10.1,430,,Westlake,OB,,https://onthegomap.com/s/tjjt8fqt,,Interbay;Southeast Magnolia;Briarcliff;Central Business District;Belltown;Pike-Market,Magnolia;Downtown;Interbay,Central Business District,Central Business District,
westlake-sculpture-interbay-queen-anne-loop,"Westlake, Sculpture Park, Interbay, Queen Anne Loop",Westlake,10.2,840,,Westlake,Loop,,https://onthegomap.com/s/pmmqj3t5,,South Lake Union;Westlake;Interbay;North Queen Anne;Denny Triangle;Lower Queen Anne;Central Business District;West Queen Anne;East Queen Anne;Belltown;Pike-Market,Cascade;Downtown;Interbay;Queen Anne,Central Business District,Central Business District,
westlake-elliot-bay-tracks-ship-canal-dexter-loop,"Westlake, Elliot Bay, Tracks, Ship Canal, Dexter Loop",Westlake,11.7,540,,Westlake,Loop,,https://onthegomap.com/s/80cljbae,,South Lake Union;Westlake;Interbay;Southeast Magnolia;North Queen Anne;Lower Queen Anne;Central Business District;Lawton Park;East Queen Anne;Belltown;Pike-Market,Cascade;Downtown;Interbay;Queen Anne;Magnolia,Central Business District,Central Business District,
westlake-elliot-bay-locks-burke-westlake-loop,"Westlake, Elliot Bay, Locks, Burke, Westlake Loop",Westlake,11.8,540,,Westlake,Loop,,https://onthegomap.com/s/24tn5ijp,,South Lake Union;Westlake;West Woodland;Interbay;Southeast Magnolia;Ballard;Denny Triangle;Central Business District;Lawton Park;East Queen Anne;Belltown;Pike-Market;Fremont,North Central;Cascade;Downtown;Interbay;Queen Anne;Ballard;Magnolia,Central Business District,Central Business District,
westlake-cranes-alki-sodo,"Westlake, Cranes, Alki Beach, SODO",Westlake,15.5,400,,SODO,P2P,,https://onthegomap.com/s/v6ro8v6l,,Industrial District;Pioneer Square;Harbor Island;Alki;Central Business District;Belltown;Pike-Market;SODO,Downtown;Greater Duwamish;West Seattle,Central Business District,SODO,
